"GroupID","Day","Date","Forecast","Observed","AGWRC","Residuals"
4,1,1993-06-25,125.448061562982,123,0.980062980960795,2.44806156298176
4,2,1993-06-26,122.947001171169,120,0.980062980960795,2.94700117116923
4,3,1993-06-27,120.495804468006,118,0.980062980960795,2.49580446800648
4,4,1993-06-28,118.093477320184,115,0.980062980960795,3.09347732018352
4,5,1993-06-29,115.739045414445,114,0.980062980960795,1.7390454144451
4,6,1993-06-30,113.431553862438,111,0.980062980960795,2.43155386243789
4,7,1993-07-01,111.170066813436,110,0.980062980960795,1.17006681343587
4,8,1993-07-02,108.953667074787,120,0.980062980960795,-11.0463329252133
4,9,1993-07-03,106.781455739925,153,0.980062980960795,-46.2185442600745
4,10,1993-07-04,104.652551823805,134,0.980062980960795,-29.3474481761954
4,11,1993-07-05,102.566091905592,120,0.980062980960795,-17.433908094408
4,12,1993-07-06,100.521229778493,130,0.980062980960795,-29.4787702215067
4,13,1993-07-07,98.5171361065552,110,0.980062980960795,-11.4828638934448
4,14,1993-07-08,96.5529980883109,104,0.980062980960795,-7.4470019116891
4,15,1993-07-09,94.6280191271319,101,0.980062980960795,-6.37198087286808
5,1,1994-05-14,266.355467884424,257,0.968565337761542,9.35546788442394
5,2,1994-05-15,257.98267371611,246,0.968565337761542,11.9826737161105
5,3,1994-05-16,249.87307550447,241,0.968565337761542,8.87307550447008
5,4,1994-05-17,242.018399773502,226,0.968565337761542,16.0183997735022
5,5,1994-05-18,234.41063312113,214,0.968565337761542,20.41063312113
5,6,1994-05-19,227.042014043864,204,0.968565337761542,23.0420140438641
5,7,1994-05-20,219.905025018456,202,0.968565337761542,17.9050250184558
5,8,1994-05-21,212.992384832461,197,0.968565337761542,15.9923848324609
5,9,1994-05-22,206.297041155889,190,0.968565337761542,16.2970411558888
5,10,1994-05-23,199.81216334636,185,0.968565337761542,14.81216334636
5,11,1994-05-24,193.531135480431,178,0.968565337761542,15.5311354804315
5,12,1994-05-25,187.447549603979,171,0.968565337761542,16.4475496039788
5,13,1994-05-26,181.555199194751,177,0.968565337761542,4.55519919475105
5,14,1994-05-27,175.848072830428,193,0.968565337761542,-17.151927169572
5,15,1994-05-28,170.32034805572,179,0.968565337761542,-8.67965194428038
6,1,1994-08-28,171.64842236442,171,0.975275127070567,0.648422364419702
6,2,1994-08-29,167.404436932922,168,0.975275127070567,-0.595563067078302
6,3,1994-08-30,163.265383501932,158,0.975275127070567,5.26538350193184
6,4,1994-08-31,159.228667641071,152,0.975275127070567,7.22866764107135
6,5,1994-09-01,155.291759066923,145,0.975275127070567,10.2917590669229
6,6,1994-09-02,151.452190057005,141,0.975275127070567,10.452190057005
6,7,1994-09-03,147.707553902961,136,0.975275127070567,11.7075539029611
6,8,1994-09-04,144.055503401993,133,0.975275127070567,11.055503401993
6,9,1994-09-05,140.493749385593,128,0.975275127070567,12.4937493855931
6,10,1994-09-06,137.020059284655,126,0.975275127070567,11.0200592846547
6,11,1994-09-07,133.632255730058,122,0.975275127070567,11.6322557300581
6,12,1994-09-08,130.328215187859,118,0.975275127070567,12.3282151878589
6,13,1994-09-09,127.105866628219,115,0.975275127070567,12.1058666282192
6,14,1994-09-10,123.963190227251,111,0.975275127070567,12.963190227251
6,15,1994-09-11,120.898216100955,111,0.975275127070567,9.89821610095501
10,1,1996-02-20,438.19865712762,436,0.960961967385133,2.19865712762044
10,2,1996-02-21,421.092243658881,424,0.960961967385133,-2.90775634111878
10,3,1996-02-22,404.653630917058,418,0.960961967385133,-13.3463690829419
10,4,1996-02-23,388.856749275593,424,0.960961967385133,-35.1432507244065
10,5,1996-02-24,373.676546814861,397,0.960961967385133,-23.3234531851385
10,6,1996-02-25,359.088949592892,363,0.960961967385133,-3.91105040710812
10,7,1996-02-26,345.070823467046,341,0.960961967385133,4.07082346704607
10,8,1996-02-27,331.5999374061,326,0.960961967385133,5.59993740610031
10,9,1996-02-28,318.654928234553,323,0.960961967385133,-4.34507176544707
10,10,1996-02-29,306.215266753244,313,0.960961967385133,-6.78473324675582
10,11,1996-03-01,294.261225182561,291,0.960961967385133,3.26122518256068
10,12,1996-03-02,282.773845876593,283,0.960961967385133,-0.226154123406957
10,13,1996-03-03,271.734911258631,273,0.960961967385133,-1.26508874136891
10,14,1996-03-04,261.126914930319,257,0.960961967385133,4.12691493031855
10,15,1996-03-05,250.933033908649,247,0.960961967385133,3.93303390864901
20,1,2001-04-15,184.124501092707,175,0.974203709485221,9.12450109270674
20,2,2001-04-16,179.374771971631,167,0.974203709485221,12.3747719716305
20,3,2001-04-17,174.747568242828,159,0.974203709485221,15.7475682428281
20,4,2001-04-18,170.239729205685,155,0.974203709485221,15.2397292056849
20,5,2001-04-19,165.848175693938,149,0.974203709485221,16.8481756939377
20,6,2001-04-20,161.569907972391,141,0.974203709485221,20.5699079723907
20,7,2001-04-21,157.402003687889,138,0.974203709485221,19.4020036878888
20,8,2001-04-22,153.341615873148,134,0.974203709485221,19.3416158731477
20,9,2001-04-23,149.385971002078,129,0.974203709485221,20.3859710020783
20,10,2001-04-24,145.532367095276,124,0.974203709485221,21.5323670952763
20,11,2001-04-25,141.778171874383,123,0.974203709485221,18.7781718743831
20,12,2001-04-26,138.120820964057,120,0.974203709485221,18.1208209640572
20,13,2001-04-27,134.557816140329,115,0.974203709485221,19.5578161403286
20,14,2001-04-28,131.086723624138,111,0.974203709485221,20.0867236241384
20,15,2001-04-29,127.7051724189,108,0.974203709485221,19.7051724188996
25,1,2002-02-15,128.342621946947,123,0.979714671350741,5.34262194694702
25,2,2002-02-16,125.739149681046,115,0.979714671350741,10.7391496810456
25,3,2002-02-17,123.188489705687,113,0.979714671350741,10.1884897056871
25,4,2002-02-18,120.689570706201,106,0.979714671350741,14.6895707062014
25,5,2002-02-19,118.241343099888,104,0.979714671350741,14.241343099888
25,6,2002-02-20,115.842778595177,101,0.979714671350741,14.842778595177
25,7,2002-02-21,113.49286975973,99.9,0.979714671350741,13.5928697597304
25,8,2002-02-22,111.190629597307,95.6,0.979714671350741,15.5906295973067
25,9,2002-02-23,108.935091133207,92.6,0.979714671350741,16.3350911332073
25,10,2002-02-24,106.725307008133,89.6,0.979714671350741,17.1253070081332
25,11,2002-02-25,104.56034908028,87.3,0.979714671350741,17.2603490802801
25,12,2002-02-26,102.439308035505,84.5,0.979714671350741,17.9393080355053
25,13,2002-02-27,100.361293005402,82.8,0.979714671350741,17.5612930054024
25,14,2002-02-28,98.3254311931232,79.4,0.979714671350741,18.9254311931232
25,15,2002-03-01,96.3308675067905,75.8,0.979714671350741,20.5308675067905
28,1,2003-10-20,137.983823990157,139,0.978608680781258,-1.01617600984264
28,2,2003-10-21,135.032167964161,134,0.978608680781258,1.0321679641612
28,3,2003-10-22,132.143651754441,131,0.978608680781258,1.14365175444104
28,4,2003-10-23,129.316924717031,129,0.978608680781258,0.316924717031497
28,5,2003-10-24,126.550665100023,128,0.978608680781258,-1.44933489997655
28,6,2003-10-25,123.843579425525,127,0.978608680781258,-3.15642057447528
28,7,2003-10-26,121.194401884842,130,0.978608680781258,-8.8055981151583
28,8,2003-10-27,118.601893746599,148,0.978608680781258,-29.3981062534015
28,9,2003-10-28,116.064842777518,148,0.978608680781258,-31.9351572224823
28,10,2003-10-29,113.582062675591,146,0.978608680781258,-32.4179373244093
28,11,2003-10-30,111.152392515374,140,0.978608680781258,-28.847607484626
28,12,2003-10-31,108.774696205151,135,0.978608680781258,-26.2253037948493
28,13,2003-11-01,106.447861955705,130,0.978608680781258,-23.5521380442953
28,14,2003-11-02,104.170801760458,129,0.978608680781258,-24.8291982395424
28,15,2003-11-03,101.942450886727,127,0.978608680781258,-25.0575491132727
29,1,2004-01-06,467.506907451603,799,0.95997311591705,-331.493092548397
29,2,2004-01-07,448.79406265906,650,0.95997311591705,-201.20593734094
29,3,2004-01-08,430.830234735889,516,0.95997311591705,-85.1697652641109
29,4,2004-01-09,413.585442870685,459,0.95997311591705,-45.4145571293145
29,5,2004-01-10,397.030906290505,414,0.95997311591705,-16.969093709495
29,6,2004-01-11,381.138996227066,359,0.95997311591705,22.1389962270663
29,7,2004-01-12,365.883189805594,344,0.95997311591705,21.8831898055936
29,8,2004-01-13,351.238025779345,325,0.95997311591705,26.2380257793451
29,9,2004-01-14,337.179062035951,305,0.95997311591705,32.1790620359511
29,10,2004-01-15,323.68283480464,296,0.95997311591705,27.6828348046402
29,11,2004-01-16,310.726819496274,282,0.95997311591705,28.7268194962742
29,12,2004-01-17,298.289393110833,264,0.95997311591705,34.289393110833
29,13,2004-01-18,286.349798149612,290,0.95997311591705,-3.65020185038782
29,14,2004-01-19,274.888107971902,316,0.95997311591705,-41.1118920280985
29,15,2004-01-20,263.885193538329,297,0.95997311591705,-33.1148064616713
33,1,2005-09-01,90.4285798639263,89.6,0.985060782831442,0.828579863926336
33,2,2005-09-02,89.0776476710948,84.9,0.985060782831442,4.1776476710948
33,3,2005-09-03,87.746897347672,82.7,0.985060782831442,5.046897347672
33,4,2005-09-04,86.4360273923279,81.1,0.985060782831442,5.33602739232794
33,5,2005-09-05,85.1447408079265,80.4,0.985060782831442,4.74474080792646
33,6,2005-09-06,83.8727450342362,77.6,0.985060782831442,6.27274503423625
33,7,2005-09-07,82.6197518816467,77.8,0.985060782831442,4.81975188164667
33,8,2005-09-08,81.3854774658743,76,0.985060782831442,5.38547746587433
33,9,2005-09-09,80.1696421436448,76,0.985060782831442,4.16964214364482
33,10,2005-09-10,78.9719704493353,75,0.985060782831442,3.9719704493353
33,11,2005-09-11,77.7921910325637,75.5,0.985060782831442,2.29219103256371
33,12,2005-09-12,76.6300365967103,75.2,0.985060782831442,1.43003659671025
33,13,2005-09-13,75.4852438383574,74.6,0.985060782831442,0.885243838357425
33,14,2005-09-14,74.3575533876346,74.2,0.985060782831442,0.157553387634621
33,15,2005-09-15,73.2467097494541,74.5,0.985060782831442,-1.25329025054593
34,1,2005-10-15,80.4282791328081,79.1,0.986850050709302,1.32827913280815
34,2,2005-10-16,79.3706513406736,77.9,0.986850050709302,1.47065134067364
34,3,2005-10-17,78.3269313003742,75.8,0.986850050709302,2.52693130037416
34,4,2005-10-18,77.2969361256783,75.6,0.986850050709302,1.69693612567829
34,5,2005-10-19,76.2804853352993,75.3,0.986850050709302,0.980485335299335
34,6,2005-10-20,75.2774008212703,76.1,0.986850050709302,-0.822599178729646
34,7,2005-10-21,74.2875068177351,75.9,0.986850050709302,-1.61249318226488
34,8,2005-10-22,73.3106298701496,81.1,0.986850050709302,-7.78937012985044
34,9,2005-10-23,72.346598804888,81.9,0.986850050709302,-9.55340119511202
34,10,2005-10-24,71.3952446992493,81.6,0.986850050709302,-10.2047553007507
34,11,2005-10-25,70.4564008518572,80.5,0.986850050709302,-10.0435991481428
34,12,2005-10-26,69.5299027534502,77.8,0.986850050709302,-8.2700972465498
34,13,2005-10-27,68.6155880580552,77.2,0.986850050709302,-8.58441194194479
34,14,2005-10-28,67.7132965545404,77.7,0.986850050709302,-9.98670344545961
34,15,2005-10-29,66.8228701385422,77.4,0.986850050709302,-10.5771298614578
36,1,2006-03-06,112.892414375803,116,0.981673168485239,-3.1075856241975
36,2,2006-03-07,110.823454118243,114,0.981673168485239,-3.17654588175741
36,3,2006-03-08,108.792411346734,110,0.981673168485239,-1.20758865326627
36,4,2006-03-09,106.798591153898,106,0.981673168485239,0.798591153897576
36,5,2006-03-10,104.841311367806,104,0.981673168485239,0.84131136780627
36,6,2006-03-11,102.919902318582,103,0.981673168485239,-0.0800976814180956
36,7,2006-03-12,101.033706609274,101,0.981673168485239,0.0337066092735938
36,8,2006-03-13,99.1820788909337,98.4,0.981673168485239,0.782078890933661
36,9,2006-03-14,97.3643856418158,107,0.981673168485239,-9.63561435818421
36,10,2006-03-15,95.58000495062,117,0.981673168485239,-21.41999504938
36,11,2006-03-16,93.82832630371,118,0.981673168485239,-24.17167369629
36,12,2006-03-17,92.1087503762299,116,0.981673168485239,-23.8912496237701
36,13,2006-03-18,90.4206888270496,114,0.981673168485239,-23.5793111729504
36,14,2006-03-19,88.7635640974676,109,0.981673168485239,-20.2364359025324
36,15,2006-03-20,87.1368092136036,107,0.981673168485239,-19.8631907863964
38,1,2007-08-04,63.9762186512109,61.8,0.990343941969208,2.17621865121087
38,2,2007-08-05,63.3584605713242,61.2,0.990343941969208,2.15846057132416
38,3,2007-08-06,62.7466675993058,64.7,0.990343941969208,-1.95333240069416
38,4,2007-08-07,62.1407821357282,62.1,0.990343941969208,0.0407821357281648
38,5,2007-08-08,61.5407471373468,60.4,0.990343941969208,1.1407471373468
38,6,2007-08-09,60.9465061117303,58.3,0.990343941969208,2.64650611173031
38,7,2007-08-10,60.3580031119415,57,0.990343941969208,3.35800311194146
38,8,2007-08-11,59.7751827312699,55.3,0.990343941969208,4.47518273126986
38,9,2007-08-12,59.1979900980156,54.7,0.990343941969208,4.49799009801555
38,10,2007-08-13,58.6263708703229,54.7,0.990343941969208,3.92637087032288
38,11,2007-08-14,58.0602712310643,53.2,0.990343941969208,4.86027123106434
38,12,2007-08-15,57.4996378827737,51.3,0.990343941969208,6.19963788277369
38,13,2007-08-16,56.9444180426281,51.6,0.990343941969208,5.34441804262813
38,14,2007-08-17,56.3945594374789,51.8,0.990343941969208,4.59455943747886
38,15,2007-08-18,55.8500102989296,51.3,0.990343941969208,4.55001029892965
42,1,2008-10-29,52.9394139739306,49.9,0.993234783751044,3.03941397393062
42,2,2008-10-30,52.581267390304,49.5,0.993234783751044,3.08126739030396
42,3,2008-10-31,52.2255437457643,49.3,0.993234783751044,2.92554374576435
42,4,2008-11-01,51.8722266486049,50.5,0.993234783751044,1.37222664860492
42,5,2008-11-02,51.5212998180122,50.6,0.993234783751044,0.921299818012223
42,6,2008-11-03,51.1727470833161,50.9,0.993234783751044,0.272747083316055
42,7,2008-11-04,50.8265523832443,50.1,0.993234783751044,0.726552383244261
42,8,2008-11-05,50.4826997651827,50.1,0.993234783751044,0.3826997651827
42,9,2008-11-06,50.1411733844401,49.1,0.993234783751044,1.0411733844401
42,10,2008-11-07,49.8019575035179,47.3,0.993234783751044,2.50195750351795
42,11,2008-11-08,49.4650364913853,48.4,0.993234783751044,1.06503649138531
42,12,2008-11-09,49.1303948227586,49.2,0.993234783751044,-0.069605177241435
42,13,2008-11-10,48.798017077386,49.2,0.993234783751044,-0.40198292261401
42,14,2008-11-11,48.4678879393372,48.5,0.993234783751044,-0.03211206066279
42,15,2008-11-12,48.1399921962974,47.2,0.993234783751044,0.939992196297403
44,1,2010-01-21,740.441578939466,781,0.952949265044358,-40.5584210605341
44,2,2010-01-22,705.603258458648,755,0.952949265044358,-49.3967415413523
44,3,2010-01-23,672.404106561072,741,0.952949265044358,-68.5958934389278
44,4,2010-01-24,640.766999160182,723,0.952949265044358,-82.2330008398183
44,5,2010-01-25,610.618440914374,2730,0.952949265044358,-2119.38155908563
44,6,2010-01-26,581.888394491884,1590,0.952949265044358,-1008.11160550812
44,7,2010-01-27,554.510117868882,944,0.952949265044358,-389.489882131118
44,8,2010-01-28,528.420009282811,723,0.952949265044358,-194.579990717189
44,9,2010-01-29,503.557459480788,610,0.952949265044358,-106.442540519212
44,10,2010-01-30,479.86471091982,564,0.952949265044358,-84.1352890801796
44,11,2010-01-31,457.286723591766,510,0.952949265044358,-52.713276408234
44,12,2010-02-01,435.771047161316,449,0.952949265044358,-13.2289528386843
44,13,2010-02-02,415.267699119986,430,0.952949265044358,-14.7323008800141
44,14,2010-02-03,395.729048673052,425,0.952949265044358,-29.270951326948
44,15,2010-02-04,377.109706089688,411,0.952949265044358,-33.8902939103123
45,1,2010-04-06,326.326852153925,336,0.965464059626998,-9.67314784607453
45,2,2010-04-07,315.056847445828,322,0.965464059626998,-6.94315255417177
45,3,2010-04-08,304.176062948333,315,0.965464059626998,-10.8239370516667
45,4,2010-04-09,293.671056575455,339,0.965464059626998,-45.3289434245447
45,5,2010-04-10,283.528850476289,303,0.965464059626998,-19.4711495237111
45,6,2010-04-11,273.736915002214,284,0.965464059626998,-10.2630849977858
45,7,2010-04-12,264.283153227808,270,0.965464059626998,-5.71684677219173
45,8,2010-04-13,255.155886006344,263,0.965464059626998,-7.84411399365612
45,9,2010-04-14,246.343837541408,254,0.965464059626998,-7.65616245859164
45,10,2010-04-15,237.836121456822,246,0.965464059626998,-8.1638785431781
45,11,2010-04-16,229.622227347643,239,0.965464059626998,-9.37777265235681
45,12,2010-04-17,221.692007795649,233,0.965464059626998,-11.3079922043509
45,13,2010-04-18,214.035665833248,228,0.965464059626998,-13.9643341667524
45,14,2010-04-19,206.643742840335,219,0.965464059626998,-12.3562571596651
45,15,2010-04-20,199.507106859147,213,0.965464059626998,-13.4928931408528
48,1,2011-09-29,78.7759245846598,73.2,0.987166974745111,5.57592458465984
48,2,2011-09-30,77.7649911549877,70.7,0.987166974745111,7.06499115498765
48,3,2011-10-01,76.7670310595495,68.5,0.987166974745111,8.26703105954947
48,4,2011-10-02,75.7818778112194,69.5,0.987166974745111,6.2818778112194
48,5,2011-10-03,74.8093670594051,68.2,0.987166974745111,6.6093670594051
48,6,2011-10-04,73.8493365626295,68,0.987166974745111,5.84933656262949
48,7,2011-10-05,72.9016261614645,66.3,0.987166974745111,6.60162616146447
48,8,2011-10-06,71.9660777518119,64.6,0.987166974745111,7.3660777518119
48,9,2011-10-07,71.0425352585276,63.4,0.987166974745111,7.64253525852757
48,10,2011-10-08,70.1308446093835,63.4,0.987166974745111,6.73084460938353
48,11,2011-10-09,69.2308537093646,62.9,0.987166974745111,6.33085370936461
48,12,2011-10-10,68.3424124152948,62.8,0.987166974745111,5.54241241529481
48,13,2011-10-11,67.4653725107893,62.9,0.987166974745111,4.56537251078927
48,14,2011-10-12,66.5995876815278,94.5,0.987166974745111,-27.9004123184722
48,15,2011-10-13,65.7449134908455,86.3,0.987166974745111,-20.5550865091544
50,1,2012-11-13,91.4955098719667,110,0.984881699375314,-18.5044901280333
50,2,2012-11-14,90.1122532479134,102,0.984881699375314,-11.8877467520866
50,3,2012-11-15,88.7499091133436,97.8,0.984881699375314,-9.05009088665639
50,4,2012-11-16,87.4081613069545,94.4,0.984881699375314,-6.99183869304548
50,5,2012-11-17,86.086698447265,91.8,0.984881699375314,-5.71330155273505
50,6,2012-11-18,84.7852138603525,90.3,0.984881699375314,-5.51478613964748
50,7,2012-11-19,83.5034055086834,89.4,0.984881699375314,-5.89659449131659
50,8,2012-11-20,82.2409759210181,88.2,0.984881699375314,-5.95902407898191
50,9,2012-11-21,80.9976321233766,86.8,0.984881699375314,-5.80236787662342
50,10,2012-11-22,79.7730855710477,86.6,0.984881699375314,-6.82691442895234
50,11,2012-11-23,78.5670520816258,86.1,0.984881699375314,-7.53294791837422
50,12,2012-11-24,77.3792517690604,84.9,0.984881699375314,-7.5207482309396
50,13,2012-11-25,76.2094089787025,83.3,0.984881699375314,-7.09059102129751
50,14,2012-11-26,75.0572522233328,82.6,0.984881699375314,-7.54274777666717
50,15,2012-11-27,73.9225141201576,83.7,0.984881699375314,-9.77748587984239
52,1,2013-10-13,109.991905449924,112,0.982070584374325,-2.0080945500756
52,2,2013-10-14,108.019814861653,112,0.982070584374325,-3.98018513834722
52,3,2013-10-15,106.08308270519,110,0.982070584374325,-3.91691729481026
52,4,2013-10-16,104.181075024516,109,0.982070584374325,-4.81892497548446
52,5,2013-10-17,102.313169230071,108,0.982070584374325,-5.68683076992863
52,6,2013-10-18,100.478753894965,112,0.982070584374325,-11.5212461050346
52,7,2013-10-19,98.6772285548327,110,0.982070584374325,-11.3227714451673
52,8,2013-10-20,96.9080035112834,106,0.982070584374325,-9.09199648871665
52,9,2013-10-21,95.1704996388752,105,0.982070584374325,-9.82950036112483
52,10,2013-10-22,93.4641481955466,104,0.982070584374325,-10.5358518044534
52,11,2013-10-23,91.788390636449,103,0.982070584374325,-11.211609363551
52,12,2013-10-24,90.1426784311163,102,0.982070584374325,-11.8573215688837
52,13,2013-10-25,88.5264728839132,102,0.982070584374325,-13.4735271160868
52,14,2013-10-26,86.9392449577025,102,0.982070584374325,-15.0607550422975
52,15,2013-10-27,85.3804751006735,101,0.982070584374325,-15.6195248993265
53,1,2014-03-07,353.871112508446,356,0.964226464600671,-2.1288874915536
53,2,2014-03-08,341.211891738326,349,0.964226464600671,-7.78810826167427
53,3,2014-03-09,329.005536050553,329,0.964226464600671,0.00553605055284834
53,4,2014-03-10,317.235844860073,312,0.964226464600671,5.23584486007331
53,5,2014-03-11,305.887197134036,299,0.964226464600671,6.8871971340356
53,6,2014-03-12,294.94453065916,293,0.964226464600671,1.94453065915974
53,7,2014-03-13,284.393322050786,282,0.964226464600671,2.39332205078591
53,8,2014-03-14,274.219567477069,260,0.964226464600671,14.2195674770695
53,9,2014-03-15,264.40976407274,245,0.964226464600671,19.40976407274
53,10,2014-03-16,254.950892017756,239,0.964226464600671,15.9508920177557
53,11,2014-03-17,245.830397257068,264,0.964226464600671,-18.1696027429319
53,12,2014-03-18,237.036174838561,255,0.964226464600671,-17.9638251614386
53,13,2014-03-19,228.556552847053,242,0.964226464600671,-13.4434471529474
53,14,2014-03-20,220.38027691303,239,0.964226464600671,-18.6197230869699
53,15,2014-03-21,212.496495275568,240,0.964226464600671,-27.503504724432
55,1,2014-10-29,117.723995732867,116,0.981033297773893,1.72399573286717
55,2,2014-10-30,115.491159760934,113,0.981033297773893,2.49115976093438
55,3,2014-10-31,113.300673324001,112,0.981033297773893,1.300673324001
55,4,2014-11-01,111.151733191047,122,0.981033297773893,-10.8482668089527
55,5,2014-11-02,109.043551365697,122,0.981033297773893,-12.956448634303
55,6,2014-11-03,106.975354797267,114,0.981033297773893,-7.02464520273341
55,7,2014-11-04,104.946385097295,109,0.981033297773893,-4.05361490270532
55,8,2014-11-05,102.955898261448,107,0.981033297773893,-4.04410173855206
55,9,2014-11-06,101.003164396702,107,0.981033297773893,-5.99683560329831
55,10,2014-11-07,99.0874674536949,109,0.981033297773893,-9.91253254630507
55,11,2014-11-08,97.2081049641616,109,0.981033297773893,-11.7918950358384
55,12,2014-11-09,95.3643877833422,107,0.981033297773893,-11.6356122166578
55,13,2014-11-10,93.5556398372806,105,0.981033297773893,-11.4443601627194
55,14,2014-11-11,91.781197874914,102,0.981033297773893,-10.218802125086
55,15,2014-11-12,90.0404112248651,101,0.981033297773893,-10.9595887751349
59,1,2016-04-06,235.813341669709,235,0.970425274360944,0.813341669709416
59,2,2016-04-07,228.839226787799,245,0.970425274360944,-16.1607732122012
59,3,2016-04-08,222.071369440096,245,0.970425274360944,-22.9286305599041
59,4,2016-04-09,215.503669616616,244,0.970425274360944,-28.4963303833843
59,5,2016-04-10,209.130207713495,236,0.970425274360944,-26.8697922865055
59,6,2016-04-11,202.945239197529,227,0.970425274360944,-24.0547608024709
59,7,2016-04-12,196.94318942851,223,0.970425274360944,-26.0568105714904
59,8,2016-04-13,191.118648634681,220,0.970425274360944,-28.8813513653192
59,9,2016-04-14,185.466367036803,216,0.970425274360944,-30.533632963197
59,10,2016-04-15,179.981250116417,212,0.970425274360944,-32.0187498835829
59,11,2016-04-16,174.65835402405,208,0.970425274360944,-33.3416459759503
59,12,2016-04-17,169.492881123219,203,0.970425274360944,-33.5071188767806
59,13,2016-04-18,164.480175666227,200,0.970425274360944,-35.519824333773
59,14,2016-04-19,159.615719597835,196,0.970425274360944,-36.3842804021653
59,15,2016-04-20,154.895128483048,193,0.970425274360944,-38.1048715169518
61,1,2016-10-25,74.3993848131998,74,0.988039638953516,0.399384813199774
61,2,2016-10-26,73.5095413091976,73.7,0.988039638953516,-0.190458690802387
61,3,2016-10-27,72.6303406547782,73.6,0.988039638953516,-0.9696593452218
61,4,2016-10-28,71.7616555576179,72.9,0.988039638953516,-1.13834444238206
61,5,2016-10-29,70.9033602478554,73.3,0.988039638953516,-2.39663975214458
61,6,2016-10-30,70.0553304598822,73.7,0.988039638953516,-3.64466954011785
61,7,2016-10-31,69.2174434143512,73.8,0.988039638953516,-4.58255658564876
61,8,2016-11-01,68.389577800401,73.5,0.988039638953516,-5.11042219959896
61,9,2016-11-02,67.5716137580916,73.5,0.988039638953516,-5.92838624190836
61,10,2016-11-03,66.7634328610513,72.7,0.988039638953516,-5.93656713894869
61,11,2016-11-04,65.9649180993305,74,0.988039638953516,-8.03508190066954
61,12,2016-11-05,65.1759538624607,74.2,0.988039638953516,-9.02404613753926
61,13,2016-11-06,64.3964259227167,74,0.988039638953516,-9.60357407728326
61,14,2016-11-07,63.6262214185779,72.9,0.988039638953516,-9.27377858142211
61,15,2016-11-08,62.8652288383882,72.7,0.988039638953516,-9.83477116161182
63,1,2017-06-27,154.349758299545,151,0.976897204427499,3.34975829954479
63,2,2017-06-28,150.783847386885,147,0.976897204427499,3.78384738688544
63,3,2017-06-29,147.300318985071,143,0.976897204427499,4.30031898507099
63,4,2017-06-30,143.897269827795,142,0.976897204427499,1.89726982779467
63,5,2017-07-01,140.572840619522,144,0.976897204427499,-3.42715938047795
63,6,2017-07-02,137.325215019643,139,0.976897204427499,-1.67478498035655
63,7,2017-07-03,134.152618650095,132,0.976897204427499,2.15261865009484
63,8,2017-07-04,131.053318125906,129,0.976897204427499,2.05331812590597
63,9,2017-07-05,128.025620108145,136,0.976897204427499,-7.97437989185482
63,10,2017-07-06,125.067870378744,131,0.976897204427499,-5.932129621256
63,11,2017-07-07,122.178452936696,125,0.976897204427499,-2.82154706330421
63,12,2017-07-08,119.355789115135,121,0.976897204427499,-1.64421088486515
63,13,2017-07-09,116.598336718813,118,0.976897204427499,-1.4016632811867
63,14,2017-07-10,113.904589181505,114,0.976897204427499,-0.095410818495111
63,15,2017-07-11,111.273074742875,111,0.976897204427499,0.273074742874854
64,1,2017-08-22,98.3774446297738,97.9,0.983774446297738,0.477444629773771
64,2,2017-08-23,96.7812161188421,94.7,0.983774446297738,2.08121611884206
64,3,2017-08-24,95.2108872993355,92,0.983774446297738,3.21088729933554
64,4,2017-08-25,93.6660379344201,89.4,0.983774446297738,4.26603793442014
64,5,2017-08-26,92.1462546058371,88.1,0.983774446297738,4.04625460583708
64,6,2017-08-27,90.6511306032677,90.7,0.983774446297738,-0.0488693967322575
64,7,2017-08-28,89.1802658154936,88,0.983774446297738,1.18026581549364
64,8,2017-08-29,87.7332666233223,87.4,0.983774446297738,0.333266623322316
64,9,2017-08-30,86.3097457942507,87.4,0.983774446297738,-1.09025420574928
64,10,2017-08-31,84.9093223788375,87,0.983774446297738,-2.09067762116248
64,11,2017-09-01,83.531621608757,98.5,0.983774446297738,-14.968378391243
64,12,2017-09-02,82.1762747965071,103,0.983774446297738,-20.8237252034929
64,13,2017-09-03,80.8429192367445,95.7,0.983774446297738,-14.8570807632555
64,14,2017-09-04,79.531198109221,89.9,0.983774446297738,-10.368801890779
64,15,2017-09-05,78.2407603832946,86.6,0.983774446297738,-8.35923961670538
67,1,2017-11-24,96.5365659859334,97.6,0.984062854086987,-1.06343401406654
67,2,2017-11-25,94.9980486478745,95.1,0.984062854086987,-0.101951352125525
67,3,2017-11-26,93.4840508851218,94.7,0.984062854086987,-1.2159491148782
67,4,2017-11-27,91.9941819256261,92.5,0.984062854086987,-0.505818074373877
67,5,2017-11-28,90.5280572251292,90.7,0.984062854086987,-0.171942774870814
67,6,2017-11-29,89.0852983679108,89.9,0.984062854086987,-0.814701632089253
67,7,2017-11-30,87.6655329691171,89.2,0.984062854086987,-1.53446703088292
67,8,2017-12-01,86.2683945786462,89.3,0.984062854086987,-3.03160542135376
67,9,2017-12-02,84.893522586565,87.7,0.984062854086987,-2.80647741343499
67,10,2017-12-03,83.5405621300333,88.1,0.984062854086987,-4.55943786996671
67,11,2017-12-04,82.2091640017118,86.2,0.984062854086987,-3.99083599828816
67,12,2017-12-05,80.8989845596298,85.4,0.984062854086987,-4.50101544037022
67,13,2017-12-06,79.6096856384884,88.9,0.984062854086987,-9.29031436151161
67,14,2017-12-07,78.3409344623787,87.9,0.984062854086987,-9.55906553762127
67,15,2017-12-08,77.0924035588901,87.3,0.984062854086987,-10.2075964411099
76,1,2021-01-07,449.547431082601,416,0.960571433937182,33.5474310826012
76,2,2021-01-08,431.822420497791,394,0.960571433937182,37.8224204977907
76,3,2021-01-09,414.796281663788,381,0.960571433937182,33.7962816637876
76,4,2021-01-10,398.441459069596,342,0.960571433937182,56.4414590695957
76,5,2021-01-11,382.731483678505,321,0.960571433937182,61.7314836785046
76,6,2021-01-12,367.640930089966,313,0.960571433937182,54.6409300899663
76,7,2021-01-13,353.145375390518,304,0.960571433937182,49.1453753905183
76,8,2021-01-14,339.221359627155,298,0.960571433937182,41.2213596271546
76,9,2021-01-15,325.846347839176,292,0.960571433937182,33.8463478391764
76,10,2021-01-16,312.998693587071,286,0.960571433937182,26.9986935870714
76,11,2021-01-17,300.657603919398,281,0.960571433937182,19.6576039193978
76,12,2021-01-18,288.803105720973,271,0.960571433937182,17.8031057209733
76,13,2021-01-19,277.416013387907,259,0.960571433937182,18.416013387907
76,14,2021-01-20,266.477897777158,247,0.960571433937182,19.4778977771583
76,15,2021-01-21,255.971056380371,244,0.960571433937182,11.9710563803707
77,1,2021-05-08,242.499574249314,246,0.969998296997257,-3.50042575068562
77,2,2021-05-09,235.224174044395,242,0.969998296997257,-6.77582595560506
77,3,2021-05-10,228.16704823565,239,0.969998296997257,-10.8329517643504
77,4,2021-05-11,221.321648219471,233,0.969998296997257,-11.6783517805288
77,5,2021-05-12,214.681621861513,221,0.969998296997257,-6.31837813848685
77,6,2021-05-13,208.240807602277,214,0.969998296997257,-5.75919239772301
77,7,2021-05-14,201.993228739542,209,0.969998296997257,-7.00677126045781
77,8,2021-05-15,195.933087882333,205,0.969998296997257,-9.06691211766656
77,9,2021-05-16,190.054761571277,200,0.969998296997257,-9.9452384287226
77,10,2021-05-17,184.352795060359,202,0.969998296997257,-17.6472049396411
77,11,2021-05-18,178.821897255233,200,0.969998296997257,-21.1781027447674
77,12,2021-05-19,173.456935803394,206,0.969998296997257,-32.5430641966059
77,13,2021-05-20,168.252932331655,203,0.969998296997257,-34.7470676683451
77,14,2021-05-21,163.2050578265,189,0.969998296997257,-25.7949421734999
77,15,2021-05-22,158.308628153044,181,0.969998296997257,-22.691371846956
79,1,2021-11-23,84.31408833637,84.5,0.986129688144679,-0.185911663629966
79,2,2021-11-24,83.1446256373475,83.3,0.986129688144679,-0.155374362652509
79,3,2021-11-25,81.9913837506635,82.5,0.986129688144679,-0.508616249336455
79,4,2021-11-26,80.8541376885925,83,0.986129688144679,-2.14586231140747
79,5,2021-11-27,79.7326655840587,81.8,0.986129688144679,-2.06733441594132
79,6,2021-11-28,78.6267486473517,82.3,0.986129688144679,-3.67325135264825
79,7,2021-11-29,77.536171123443,82.2,0.986129688144679,-4.66382887655698
79,8,2021-11-30,76.4607202498933,80.7,0.986129688144679,-4.23927975010668
79,9,2021-12-01,75.4001862153448,80.1,0.986129688144679,-4.69981378465516
79,10,2021-12-02,74.3543621185887,80.4,0.986129688144679,-6.0456378814113
79,11,2021-12-03,73.3230439282004,79.5,0.986129688144679,-6.17695607179959
79,12,2021-12-04,72.3060304427349,78.8,0.986129688144679,-6.49396955726515
79,13,2021-12-05,71.3031232514738,78.1,0.986129688144679,-6.79687674852622
79,14,2021-12-06,70.3141266957174,77.7,0.986129688144679,-7.38587330428257
79,15,2021-12-07,69.3388478306133,77.4,0.986129688144679,-8.06115216938673
82,1,2023-09-23,94.9859236806186,94.4,0.984310089954596,0.585923680618549
82,2,2023-09-24,93.4956030824901,93.8,0.984310089954596,-0.304396917509905
82,3,2023-09-25,92.0286654804851,93.7,0.984310089954596,-1.67133451951494
82,4,2023-09-26,90.5847439974977,92.3,0.984310089954596,-1.71525600250227
82,5,2023-09-27,89.1634775126911,90.2,0.984310089954596,-1.03652248730893
82,6,2023-09-28,87.7645105711816,88.7,0.984310089954596,-0.935489428818414
82,7,2023-09-29,86.3874932951409,88.2,0.984310089954596,-1.81250670485912
82,8,2023-09-30,85.0320812962922,86.3,0.984310089954596,-1.26791870370778
82,9,2023-10-01,83.6979355897799,85.6,0.984310089954596,-1.90206441022005
82,10,2023-10-02,82.3847225093903,83.9,0.984310089954596,-1.51527749060969
82,11,2023-10-03,81.0921136241025,82.5,0.984310089954596,-1.40788637589755
82,12,2023-10-04,79.8197856559486,82.4,0.984310089954596,-2.58021434405136
82,13,2023-10-05,78.5674203991634,82.3,0.984310089954596,-3.73257960083657
82,14,2023-10-06,77.3347046406011,81.7,0.984310089954596,-4.36529535939886
82,15,2023-10-07,76.1213300814023,81.7,0.984310089954596,-5.57866991859774
85,1,2024-09-04,71.0899961648038,68.2,0.988734299927729,2.88999616480375
85,2,2024-09-05,70.2891175898722,63.5,0.988734299927729,6.78911758987221
85,3,2024-09-06,69.4972614727601,64.3,0.988734299927729,5.19726147276015
85,4,2024-09-07,68.7143261691639,61.9,0.988734299927729,6.81432616916387
85,5,2024-09-08,67.9402111798739,61.9,0.988734299927729,6.0402111798739
85,6,2024-09-09,67.1748171378747,61.7,0.988734299927729,5.47481713787471
85,7,2024-09-10,66.4180457955898,60.8,0.988734299927729,5.61804579558981
85,8,2024-09-11,65.6698000122703,60.3,0.988734299927729,5.36980001227035
85,9,2024-09-12,64.9299837415261,57.9,0.988734299927729,7.02998374152612
85,10,2024-09-13,64.1985020189967,56.8,0.988734299927729,7.39850201899668
85,11,2024-09-14,63.4752609501616,58.7,0.988734299927729,4.7752609501616
85,12,2024-09-15,62.760167698288,59.9,0.988734299927729,2.86016769828799
85,13,2024-09-16,62.0531304725137,59.3,0.988734299927729,2.75313047251367
85,14,2024-09-17,61.3540585160649,65.4,0.988734299927729,-4.04594148393515
85,15,2024-09-18,60.6628620946063,81.4,0.988734299927729,-20.7371379053937
86,1,2024-10-24,107.090188234611,107,0.982478791143222,0.0901882346111478
86,2,2024-10-25,105.213838680041,104,0.982478791143222,1.21383868004081
86,3,2024-10-26,103.370365037904,103,0.982478791143222,0.370365037904421
86,4,2024-10-27,101.559191282474,102,0.982478791143222,-0.440808717526139
86,5,2024-10-28,99.7797514806881,101,0.982478791143222,-1.22024851931187
86,6,2024-10-29,98.0314896153176,99.9,0.982478791143222,-1.86851038468245
86,7,2024-10-30,96.3138594112265,99.8,0.982478791143222,-3.48614058877352
86,8,2024-10-31,94.62632416468,99,0.982478791143222,-4.37367583532003
86,9,2024-11-01,92.9683565756414,98.6,0.982478791143222,-5.6316434243586
86,10,2024-11-02,91.3394385830081,98.2,0.982478791143222,-6.86056141699187
86,11,2024-11-03,89.7390612027344,97.4,0.982478791143222,-7.66093879726564
86,12,2024-11-04,88.16672436879,96.3,0.982478791143222,-8.13327563120997
86,13,2024-11-05,86.6219367769064,96.7,0.982478791143222,-10.0780632230936
86,14,2024-11-06,85.1042157310596,98.6,0.982478791143222,-13.4957842689404
86,15,2024-11-07,83.6130869926434,97.9,0.982478791143222,-14.2869130073566
90,1,2026-04-11,120.62143238851,119,0.980662051939104,1.62143238850982
90,2,2026-04-12,118.28886139395,116,0.980662051939104,2.28886139394994
90,3,2026-04-13,116.001397536131,114,0.980662051939104,2.00139753613124
90,4,2026-04-14,113.758168535586,111,0.980662051939104,2.75816853558621
90,5,2026-04-15,111.558318980942,109,0.980662051939104,2.5583189809424
90,6,2026-04-16,109.401010002728,104,0.980662051939104,5.40101000272809
90,7,2026-04-17,107.285418953486,103,0.980662051939104,4.28541895348579
90,8,2026-04-18,105.210739094072,100,0.980662051939104,5.21073909407183
90,9,2026-04-19,103.176179286022,99.8,0.980662051939104,3.37617928602221
90,10,2026-04-20,101.180963689867,97.3,0.980662051939104,3.88096368986744
90,11,2026-04-21,99.2243314692814,94.4,0.980662051939104,4.82433146928138
90,12,2026-04-22,97.3055365009513,91.6,0.980662051939104,5.70553650095133
90,13,2026-04-23,95.4238470900583,88.8,0.980662051939104,6.62384709005832
90,14,2026-04-24,93.5785456912599,87.3,0.980662051939104,6.27854569125991
90,15,2026-04-25,91.7689286350681,85.4,0.980662051939104,6.36892863506813
